variance,skewness,curtosis,entropy
-1.159773359,0.37958716,0.240945591,0.459348483
0.492196447,0.572027534,-0.060870356,-0.456514857
0.002943523,-0.278041802,1.057048385,-0.112528966
-0.846713296,0.080559465,0.360888467,0.790158586
0.931452344,-1.081518403,-0.327877272,1.310818875
0.554074558,-0.717965166,-0.238028664,1.209285548
0.43811529,-1.003555494,-0.136431064,-0.429132577
0.142824587,0.551952015,0.674224947,0.136815676
-0.814610758,-0.747398036,1.132487091,-1.56856621
